cancer_type,n_samples,correlation_rho,correlation_p,boundary_slope,boundary_p,budget_supported
TCGA-SKCM,472,0.1144514571715564,0.012842406704493279,0.019110149213105592,0.818881968154384,False
TCGA-LUAD,530,0.1568161442839154,0.00028996855989795947,0.20092552749039355,0.003528363012221699,False
TCGA-BRCA,1113,-0.06808400855133594,0.02311799895680672,-0.02408701037601508,0.239009744205705,False
TCGA-COAD,473,0.09373697357361908,0.041576049783281825,-0.051742119739620555,0.33017203117675087,False
TCGA-HNSC,522,0.1541048580021084,0.0004099843634066065,0.040049548467549684,0.4231278429693679,False
TCGA-LUSC,501,0.16471417324713125,0.00021313663656404656,0.12241303078996955,0.043244914146336265,False
