project,test_name,covariate,p_value,hazard_ratio,ci95_low,ci95_high,n_rows,n_events,status,q_value,significant_fdr05
TCGA-SKCM,am_vs_dc_adjusted,boundary_mode,0.0030617517720340714,0.4845743283610717,0.3000000462185182,0.7827074784366798,180,140,ok,0.017548949466332203,True
TCGA-SKCM,pdl1_x_clock_interaction,pdl1_x_clock,0.005849649822110735,0.21194714962676972,0.07031906715047646,0.6388252298453301,301,219,ok,0.017548949466332203,True
TCGA-SKCM,high_pdl1_clock_effect,circ_cv_ortho,0.08411152398995644,0.12156786425625483,0.011126356337216863,1.3282646332648333,151,101,ok,0.1682230479799129,False
TCGA-LUAD,am_vs_dc_adjusted,boundary_mode,0.15448491029065903,0.5919448402190989,0.28761987069745554,1.2182701181678623,194,73,ok,0.20160158379235824,False
TCGA-LUAD,pdl1_x_clock_interaction,pdl1_x_clock,0.9965627000125897,1.0038942962334114,0.17128298594796174,5.883852108440951,380,162,ok,0.9965627000125897,False
TCGA-LUAD,high_pdl1_clock_effect,circ_cv_ortho,0.1680013198269652,0.06810713789327946,0.0014940686326650522,3.104664759436177,186,75,ok,0.20160158379235824,False
