project,test_name,covariate,p_value,hazard_ratio,ci95_low,ci95_high,n_rows,n_events,status,q_value,significant_fdr05
TCGA-SKCM,am_vs_dc_adjusted,boundary_mode,0.001940353927057962,0.5549559855122117,0.38240440401715947,0.8053676752164455,180,140,ok,0.011642123562347772,True
TCGA-SKCM,pdl1_x_clock_interaction,pdl1_x_clock,0.005040945909680529,0.209374840610821,0.0701969729450508,0.6244973542537559,301,219,ok,0.015122837729041586,True
TCGA-SKCM,high_pdl1_clock_effect,circ_cv_ortho,0.07531793056018952,0.11594022715761841,0.010789090071295249,1.2459008298691878,151,101,ok,0.15063586112037905,False
TCGA-LUAD,am_vs_dc_adjusted,boundary_mode,0.1101552712530278,0.6163366283244508,0.34036223346201544,1.1160781134571618,220,80,ok,0.1512125336391795,False
TCGA-LUAD,pdl1_x_clock_interaction,pdl1_x_clock,0.6375615759009177,1.5154391451850726,0.26880032853333585,8.543723942935776,426,179,ok,0.6375615759009177,False
TCGA-LUAD,high_pdl1_clock_effect,circ_cv_ortho,0.12601044469931624,0.0651437747654745,0.0019697679986590303,2.1544219388191346,214,87,ok,0.1512125336391795,False
